id,user_name,phone_number,first_name,last_name,bio,last_seen,is_verified,language
25,1,(391) 5138492,Raul,Sangster,1,23/01/2024,false,Greek
41,2,(266) 4652101,Elvira,Hornung,0,30/07/2023,false,Hungarian
52,3,(762) 6930945,Palmer,Dunnett,1,23/01/2024,true,Greek
35,4,(748) 7249358,Fabien,Gillbard,0,15/10/2023,false,Japanese
46,5,(569) 3984723,Merwin,Leonards,1,25/08/2023,false,Assamese
67,6,(214) 2200099,Hendrika,Bendon,0,01/05/2024,false,Catalan
89,7,(426) 1622419,Melisa,Pride,1,08/12/2023,true,Macedonian
52,8,(491) 1376351,Berget,O'Hannigan,0,19/02/2024,true,Nepali
88,9,(861) 9064899,Tillie,Umbers,0,16/11/2023,false,Haitian Creole
84,10,(248) 4049107,Mavra,Nabarro,0,20/03/2024,true,Pashto
28,11,(186) 5014761,Woodrow,Hardes,0,25/09/2023,false,Azeri
59,12,(968) 8586463,Gib,Chown,0,30/08/2023,true,Swahili
26,13,(681) 6048173,Ines,Tamburi,0,06/11/2023,false,Yiddish
38,14,(727) 3023752,North,Woollcott,0,06/05/2024,true,Polish
21,15,(281) 5948000,Rosy,Simmons,1,01/10/2023,true,Punjabi
2,16,(287) 2352823,Rory,Nucci,1,23/11/2023,false,Aymara
23,17,(218) 8922237,Eartha,Selman,1,19/05/2023,true,Somali
27,18,(251) 1028352,Darci,Breheny,0,04/11/2023,true,Tetum
88,19,(828) 5115057,Lane,O'Caine,0,03/02/2024,true,Tswana
99,20,(915) 4617454,Fredrika,Kimbrough,1,10/11/2023,true,Gagauz
23,21,(895) 7326470,Barbara,Colebourn,1,03/10/2023,true,Quechua
97,22,(826) 1478927,Merrill,Menier,0,08/07/2023,true,Tamil
67,23,(941) 7058848,Igor,Serridge,0,10/09/2023,false,Ndebele
35,24,(797) 8377976,Theo,Mandre,1,14/02/2024,false,Luxembourgish
98,25,(955) 2882529,Abbey,Ende,1,13/11/2023,true,Bislama
24,26,(362) 9137134,Gawain,Ebhardt,1,17/04/2024,false,Japanese
82,27,(783) 4126881,Marlene,Ponde,1,13/09/2023,false,Khmer
15,28,(846) 1858449,Loren,Robinette,1,13/01/2024,false,Arabic
74,29,(821) 6912052,Prince,Coorington,0,27/04/2024,false,French
30,30,(743) 8246876,Nevins,Daniaud,0,25/11/2023,false,Italian
71,31,(882) 5083507,Katti,Ruller,1,24/06/2023,true,Persian
20,32,(944) 8641405,Worth,Aldersey,0,21/08/2023,false,French
3,33,(983) 4751362,Ardelia,Norquay,1,11/09/2023,true,French
17,34,(186) 8413198,Gwenore,Cavanaugh,1,26/05/2023,true,Swedish
57,35,(301) 8806970,Temp,Cobbled,0,27/12/2023,true,Japanese
37,36,(661) 6632916,Sherye,Sharpless,0,21/01/2024,true,Assamese
50,37,(507) 6163282,Kaile,Rennison,0,14/12/2023,true,Swahili
24,38,(746) 7483348,Arabele,McGarva,0,16/12/2023,false,Guaraní
67,39,(446) 1987364,Chane,Haley,0,13/03/2024,true,Punjabi
6,40,(766) 6278220,Tiffanie,Thing,1,24/07/2023,true,Georgian
80,41,(158) 7046615,Timothy,Larwood,0,05/07/2023,true,Croatian
3,42,(148) 8222033,Kippie,Blaszkiewicz,0,21/04/2024,false,Macedonian
36,43,(747) 8564231,Katusha,Gowdie,1,30/10/2023,true,West Frisian
33,44,(576) 4184424,Brand,Northover,1,16/09/2023,false,Persian
66,45,(855) 9616853,Teri,O'Connell,0,01/10/2023,true,Bulgarian
71,46,(884) 9087811,Ingrim,Annesley,0,01/04/2024,false,Marathi
82,47,(861) 7335876,Meridel,Essam,0,16/07/2023,true,Lithuanian
41,48,(769) 7131718,Alisha,Jefferson,0,01/03/2024,false,Latvian
95,49,(399) 1892321,Florance,Clowney,0,07/01/2024,true,Portuguese
63,50,(828) 8669312,Jermaine,Fries,0,04/01/2024,true,Luxembourgish
58,51,(252) 2395340,Karel,Josefovic,1,17/10/2023,true,Dzongkha
92,52,(822) 4828129,Sunny,Risman,1,11/03/2024,true,Oriya
4,53,(996) 3994735,Griff,Stanbrooke,0,29/04/2024,false,Mongolian
14,54,(608) 1749266,Cissiee,Boner,0,05/09/2023,false,Quechua
20,55,(242) 7049117,Lisha,Hearle,1,27/11/2023,true,Korean
78,56,(212) 8094256,Caresse,Plitz,0,30/11/2023,true,Chinese
5,57,(867) 9975641,Hayley,Manterfield,1,31/12/2023,true,Italian
28,58,(798) 9089424,Crissy,Wellstead,1,15/10/2023,false,Hindi
99,59,(745) 5217993,Noell,Thomassin,0,29/09/2023,true,Kazakh
17,60,(514) 1459661,Wini,McCreath,0,31/05/2023,false,Croatian
45,61,(778) 3832257,Denney,Sibbert,1,12/06/2023,true,Georgian
97,62,(672) 5354049,Caroline,Phethean,0,06/07/2023,true,Albanian
89,63,(725) 7531424,Bruce,McQuirter,1,27/05/2023,true,Bulgarian
94,64,(552) 9321237,Ambros,Hundell,0,20/07/2023,false,Guaraní
86,65,(814) 8644507,Debra,Moryson,1,07/07/2023,true,Nepali
42,66,(878) 8951040,Elwood,Lanchester,1,29/02/2024,false,Luxembourgish
65,67,(318) 1933442,Ingunna,Chapier,1,24/07/2023,true,Croatian
27,68,(632) 8777793,Jehu,Chatan,1,26/08/2023,false,Fijian
69,69,(767) 3967903,Magda,Fysh,0,10/08/2023,false,Somali
22,70,(247) 7586836,Herbie,Bacchus,0,22/03/2024,true,Belarusian
55,71,(634) 7831332,Athene,Sattin,0,25/01/2024,true,Fijian
37,72,(941) 8376942,Cecile,Leithgoe,0,26/02/2024,false,Haitian Creole
99,73,(217) 8357220,Hali,Sheran,1,07/10/2023,true,Pashto
40,74,(165) 4442032,Maddy,Worswick,1,23/01/2024,true,English
100,75,(374) 5194809,Dorris,Casoni,0,21/09/2023,true,Tsonga
20,76,(838) 1697888,Olivia,Warry,0,10/09/2023,false,Hebrew
39,77,(729) 9687452,Chery,Stringfellow,1,26/01/2024,true,Dari
82,78,(770) 7163325,Humberto,Coaten,1,20/01/2024,false,Aymara
5,79,(354) 1973808,Osgood,Gleasane,1,27/05/2023,false,Dzongkha
89,80,(843) 4309540,Garfield,Tether,1,27/11/2023,false,Armenian
32,81,(822) 4113628,Adelaide,Colls,1,16/09/2023,false,Italian
22,82,(150) 2486203,Marion,Wolfe,1,30/11/2023,true,Yiddish
53,83,(675) 2643730,Estele,Cudbertson,1,26/11/2023,true,Aymara
47,84,(861) 8355803,Buiron,Pasterfield,0,26/07/2023,false,Kyrgyz
19,85,(938) 2494587,Tabbitha,Wattingham,1,21/03/2024,false,Indonesian
29,86,(859) 9583132,Thorndike,Hammond,1,27/03/2024,true,Polish
95,87,(589) 3729430,Roselia,Saylor,0,21/12/2023,false,Arabic
60,88,(566) 7541668,Ami,Ville,1,06/03/2024,true,Tok Pisin
31,89,(601) 7836293,Saxe,Adderson,1,11/12/2023,false,Lithuanian
96,90,(172) 3938698,Romola,Enrrico,1,01/03/2024,false,Zulu
87,91,(219) 2413702,Shandie,Aleksandrikin,1,02/02/2024,false,West Frisian
61,92,(273) 2199310,Ebonee,Mancktelow,0,09/03/2024,false,Pashto
90,93,(946) 4079836,Halimeda,Blewitt,1,24/03/2024,true,Spanish
51,94,(540) 3143575,Sean,Atkin,1,15/05/2023,true,Portuguese
30,95,(224) 6530090,Josh,Zavattero,1,06/06/2023,true,German
21,96,(433) 1169051,Jessey,Sheehy,1,30/01/2024,false,Macedonian
38,97,(835) 1136520,Cris,Guilaem,0,20/02/2024,true,Irish Gaelic
87,98,(424) 1467079,Fulvia,Saxelby,0,21/11/2023,true,Luxembourgish
66,99,(168) 7762150,Grace,Rioch,0,28/08/2023,true,Haitian Creole
70,100,(116) 5679242,Ronda,Matussov,1,22/07/2023,true,Telugu
19,101,(713) 8721631,Elvis,Boyles,1,06/10/2023,true,Macedonian
55,102,(166) 2286001,Hurley,Eim,0,20/05/2023,true,Oriya
91,103,(290) 5905168,Vallie,Pogson,0,12/07/2023,false,Punjabi
73,104,(509) 2662349,Pierce,Ramplee,0,11/04/2024,true,Irish Gaelic
64,105,(763) 9150232,Adrianne,Tyreman,1,05/08/2023,true,Swahili
48,106,(222) 1279633,Elliott,Gudger,0,22/04/2024,false,Burmese
62,107,(860) 2929746,Terrance,Jayne,0,24/04/2024,true,Ndebele
23,108,(424) 3505093,Glynnis,Wallbrook,1,29/05/2023,false,French
96,109,(531) 7152715,Margie,Smithson,0,29/06/2023,true,Malayalam
42,110,(196) 9911448,Bartholemy,McGillivray,1,26/10/2023,true,Armenian
19,111,(988) 5114258,Aretha,Strethill,0,20/04/2024,true,Tswana
9,112,(639) 1421678,Gaylor,Eannetta,0,17/07/2023,false,Tswana
93,113,(187) 4672978,Whit,Bucktrout,1,30/01/2024,false,Gujarati
64,114,(561) 5959742,Clarissa,Harbour,1,06/03/2024,false,Aymara
41,115,(662) 2658336,Tana,Warlowe,0,04/12/2023,false,Bosnian
69,116,(518) 4692021,Therese,Turley,0,21/01/2024,true,Haitian Creole
61,117,(502) 5568909,Harmonie,Need,1,25/03/2024,true,Amharic
65,118,(303) 5803458,Maynard,De Cristofalo,1,23/11/2023,true,Fijian
84,119,(525) 9756705,Heywood,Gissop,1,28/05/2023,true,Tok Pisin
31,120,(615) 8733098,Walliw,Chesney,0,11/04/2024,false,New Zealand Sign Language
43,121,(188) 4938164,Helsa,Vinick,0,14/11/2023,true,Finnish
40,122,(856) 4408682,Rich,Peacock,0,03/11/2023,true,West Frisian
93,123,(783) 3735039,Marianna,Lermouth,0,14/02/2024,false,Haitian Creole
69,124,(521) 3392779,Tatiana,Frosch,1,27/12/2023,false,Guaraní
72,125,(684) 4876463,Dirk,Galtone,0,26/04/2024,true,New Zealand Sign Language
7,126,(397) 7971248,Rica,Misken,0,10/03/2024,false,Oriya
15,127,(263) 9395926,Katherina,Abramin,0,01/10/2023,false,Māori
93,128,(627) 7284677,Evin,Houlridge,1,20/08/2023,false,Persian
84,129,(973) 3891572,Doralynn,Dockrey,0,13/02/2024,false,Afrikaans
45,130,(932) 9097015,Orin,Troker,1,08/09/2023,true,Hindi
17,131,(176) 4060699,Nichol,Petracco,0,02/05/2024,false,Lithuanian
63,132,(376) 3546152,Waldo,Woan,1,27/06/2023,true,Tamil
71,133,(195) 3194589,Theo,Hoyes,1,05/12/2023,true,Moldovan
57,134,(657) 3435394,Farrel,Ganning,1,12/04/2024,false,Irish Gaelic
59,135,(339) 8296525,Maridel,Blayd,0,23/02/2024,true,Portuguese
59,136,(663) 4067369,Gallagher,Rakes,0,13/12/2023,false,Haitian Creole
48,137,(495) 8439367,Alexina,Farden,1,20/04/2024,true,Guaraní
33,138,(325) 3424078,Sheeree,Tweedy,1,19/06/2023,false,Gujarati
80,139,(717) 2855704,Roda,Edelman,0,18/05/2023,true,Moldovan
63,140,(471) 6228059,Farrel,Horsburgh,1,20/09/2023,false,Portuguese
19,141,(540) 4949169,Dulcia,Crawforth,0,08/12/2023,true,Tetum
21,142,(271) 4314976,Merry,Whalley,1,02/12/2023,true,Moldovan
100,143,(725) 5863749,Minerva,Frounks,1,21/03/2024,false,Dhivehi
81,144,(193) 7454181,Torrey,Cramphorn,0,03/06/2023,true,Icelandic
83,145,(384) 6814441,Jordain,Morfey,1,04/10/2023,true,Filipino
25,146,(105) 3185649,Derrick,Martinot,0,17/11/2023,false,Chinese
3,147,(104) 4872739,Thedric,Peach,0,20/12/2023,false,Fijian
85,148,(324) 3106146,Paulie,Harmes,0,19/07/2023,false,Bosnian
35,149,(256) 5979124,Janette,Ondrich,1,06/08/2023,true,Khmer
1,150,(219) 4213044,Georgetta,Koop,0,05/08/2023,true,Oriya
80,151,(495) 5812088,Rona,Brosnan,1,08/03/2024,false,Malagasy
32,152,(352) 6958811,Lurline,Condict,0,29/09/2023,true,Aymara
16,153,(813) 2973545,Jobi,Bohling,1,29/04/2024,false,Armenian
8,154,(879) 2027010,Dyan,Beckinsall,0,03/05/2024,true,Filipino
18,155,(770) 8375517,Byram,Totton,0,28/12/2023,false,Italian
45,156,(252) 3646740,Mahalia,Doige,0,02/07/2023,true,Malagasy
29,157,(492) 8201955,Meta,Brauner,0,18/06/2023,false,Dzongkha
76,158,(115) 4315575,Reagan,Plaskett,1,16/08/2023,true,Mongolian
32,159,(931) 2108296,Nancie,Petry,0,01/12/2023,false,Swati
24,160,(191) 8586119,Cherish,Snadden,0,09/10/2023,false,Mongolian
30,161,(536) 2976211,Egan,Bess,1,21/04/2024,true,Hiri Motu
51,162,(882) 1697732,Dominique,Markey,0,09/06/2023,true,Guaraní
52,163,(118) 1073841,Mommy,Fould,0,16/06/2023,true,Icelandic
14,164,(860) 4283391,Alaine,Bridat,1,28/09/2023,true,Luxembourgish
94,165,(986) 6782400,Eziechiele,Blodg,0,23/02/2024,true,Dutch
3,166,(432) 9041422,Clare,Bulfit,1,30/06/2023,false,Maltese
80,167,(977) 5730956,Rozamond,McKinie,1,10/05/2024,true,Northern Sotho
34,168,(258) 3629013,Honoria,Capron,0,22/11/2023,true,Sotho
34,169,(380) 5748707,Royal,Titcom,1,03/04/2024,true,Catalan
34,170,(363) 9557392,Dyna,McIntee,0,02/03/2024,false,Quechua
64,171,(245) 1469559,Beverie,Gorham,1,19/07/2023,true,Belarusian
55,172,(190) 6445895,Tessi,Ricardo,1,04/07/2023,false,Romanian
28,173,(288) 2679716,Jean,Matyasik,0,23/09/2023,false,Danish
54,174,(639) 2560465,Teddi,Rhymer,1,08/12/2023,false,Estonian
36,175,(619) 2311772,Ami,McCurrie,1,20/01/2024,true,Mongolian
14,176,(741) 5384432,Sunny,Andrysiak,1,04/07/2023,true,Maltese
12,177,(521) 5018322,Kermy,Hitzke,0,21/10/2023,false,Catalan
21,178,(907) 7247254,Quentin,Ludlamme,0,04/06/2023,true,Burmese
37,179,(555) 6323633,Idette,O'Cahsedy,1,16/05/2023,false,Armenian
14,180,(355) 6835648,Cahra,Niave,0,02/07/2023,false,Amharic
61,181,(309) 3660656,Milka,Olivella,0,28/03/2024,true,Tok Pisin
39,182,(716) 5661314,Arnaldo,Kordas,1,11/02/2024,false,Malay
27,183,(275) 8272648,Durand,Moniker,0,18/05/2023,false,Albanian
53,184,(305) 8925395,Clem,Campo,1,29/05/2023,false,Kashmiri
9,185,(190) 2233947,Douglas,Dwyr,1,15/03/2024,false,Zulu
53,186,(851) 7335711,Viviyan,O'Heaney,0,02/02/2024,true,Marathi
85,187,(578) 6997729,Niel,Dedenham,0,25/03/2024,false,Luxembourgish
30,188,(318) 9759365,Ninon,Venners,0,21/12/2023,false,Fijian
69,189,(531) 3714859,Berte,Valder,0,28/12/2023,true,Kashmiri
10,190,(965) 3981791,Aldridge,Turtle,1,22/12/2023,false,Haitian Creole
47,191,(112) 7465180,Raff,Drewry,1,01/12/2023,false,Czech
56,192,(536) 8256759,Tasha,Bourchier,0,15/12/2023,true,Bosnian
88,193,(114) 6383175,Merell,Cancellario,0,08/03/2024,true,Hiri Motu
70,194,(316) 4119741,Fair,Dormon,0,27/04/2024,false,Hungarian
99,195,(360) 4142234,Cary,Chalker,1,03/09/2023,false,German
24,196,(149) 4791085,Korella,Passie,1,17/01/2024,false,Finnish
57,197,(361) 9094921,Engelbert,MacAree,0,08/06/2023,false,Portuguese
61,198,(643) 1834943,Maynard,Oag,1,31/08/2023,true,Albanian
64,199,(143) 8701225,Theobald,Eaklee,0,09/12/2023,false,Somali
55,200,(558) 7064492,Brana,Ojeda,1,15/03/2024,true,Tok Pisin
72,201,(698) 7908714,Jeremie,Slad,0,07/02/2024,false,Gagauz
66,202,(482) 8786634,Maryrose,Paolinelli,1,07/12/2023,false,Hindi
9,203,(810) 7820924,Lorant,Carrodus,0,20/10/2023,true,Quechua
54,204,(747) 9728838,Sascha,Hundy,0,20/10/2023,false,Latvian
17,205,(277) 4383478,Kort,Allchorne,0,16/10/2023,false,Luxembourgish
51,206,(510) 7918318,Wilt,Trathan,1,13/07/2023,true,Swati
8,207,(969) 9974048,Eveline,Edelston,1,23/05/2023,false,Italian
81,208,(576) 5858963,Coralyn,Shambrook,1,07/08/2023,false,Northern Sotho
26,209,(720) 9830090,Marmaduke,Muehle,0,22/11/2023,true,Hiri Motu
40,210,(884) 7696895,Mike,Attwater,0,24/11/2023,true,Danish
15,211,(540) 5930291,Carr,Smee,0,14/09/2023,false,Latvian
73,212,(970) 8825471,Susann,Bauer,1,30/03/2024,true,French
83,213,(564) 9071491,Ogden,Jorger,0,10/02/2024,false,Tok Pisin
97,214,(970) 5641927,Idette,Couronne,0,09/04/2024,true,English
45,215,(185) 5285583,Georgy,Weblin,1,14/11/2023,false,New Zealand Sign Language
33,216,(395) 2801918,Brose,Ronan,1,27/11/2023,false,Bislama
51,217,(620) 1084077,Emery,Mixter,0,19/08/2023,true,Bulgarian
97,218,(403) 8163987,Dicky,Plumm,0,25/09/2023,false,Afrikaans
90,219,(126) 9043517,Sean,Schouthede,1,25/03/2024,false,Khmer
3,220,(780) 1721818,Celie,Elger,1,03/12/2023,true,Kazakh
90,221,(468) 1161139,Barry,Fenimore,1,29/04/2024,true,Nepali
95,222,(761) 2042301,Verney,Mateuszczyk,1,17/08/2023,true,Dzongkha
45,223,(846) 6017810,Tarra,Chanter,1,19/03/2024,true,Maltese
38,224,(626) 4735746,William,Andrysiak,0,09/08/2023,true,Polish
97,225,(301) 2137554,Bartlett,Lundbech,1,09/11/2023,false,Nepali
51,226,(895) 5710674,Ted,Gilardi,0,07/05/2024,true,Japanese
77,227,(651) 9546598,Stevie,Grayshon,0,21/06/2023,false,Marathi
52,228,(499) 7897674,Bordy,Rogerson,0,05/07/2023,true,Maltese
79,229,(360) 1635226,Maddie,McGahey,1,26/02/2024,false,Tetum
51,230,(349) 1111570,Netta,Sabatini,1,17/10/2023,false,Korean
9,231,(850) 4526268,Travus,Millam,1,16/06/2023,true,Moldovan
15,232,(758) 4777218,Tildie,Tailour,1,25/12/2023,true,Hiri Motu
22,233,(948) 4175378,Raquela,Weekland,0,29/01/2024,true,Punjabi
7,234,(906) 1241309,Fayette,Mathers,1,07/11/2023,false,French
86,235,(484) 9683942,Marcille,Houlden,1,24/05/2023,true,Lithuanian
83,236,(787) 9683607,Gareth,Blinkhorn,0,28/03/2024,false,Korean
94,237,(383) 2243023,Bianca,Imeson,1,28/02/2024,false,Danish
19,238,(574) 2479091,Urbain,Keeping,0,27/04/2024,true,French
80,239,(788) 2276831,Jenica,Rosenberger,0,25/11/2023,true,Gujarati
49,240,(606) 7902626,Tasia,Gorse,0,14/04/2024,false,Assamese
22,241,(429) 3464125,Natal,Dorsett,1,19/03/2024,true,Lao
83,242,(475) 5051870,Jobyna,Ridger,0,08/08/2023,false,Afrikaans
98,243,(903) 2530414,Clary,Onians,0,06/08/2023,false,Northern Sotho
37,244,(189) 5294398,Alphonso,McGookin,1,29/02/2024,true,West Frisian
18,245,(919) 5847578,Chadwick,Tearle,0,12/04/2024,false,Mongolian
59,246,(501) 2058705,Reinhold,Phinnessy,1,28/04/2024,true,Punjabi
65,247,(949) 7514651,Demott,Goodbairn,0,18/12/2023,false,Malagasy
68,248,(332) 6899276,Irvine,Salt,0,15/09/2023,false,Swedish
76,249,(941) 9937230,Shannan,Lyle,1,13/09/2023,false,Nepali
79,250,(245) 7792632,Merrill,Landre,0,01/09/2023,true,Filipino
45,251,(499) 1253886,Myrilla,Oganesian,1,08/11/2023,false,Swahili
87,252,(675) 4315586,Henrik,Vane,0,29/04/2024,false,Greek
40,253,(689) 6779921,Lottie,Dmitrovic,0,03/10/2023,true,Macedonian
95,254,(871) 7095953,Eleni,Dankersley,1,08/12/2023,false,Tetum
35,255,(711) 6999329,Ozzy,Flack,0,26/05/2023,true,Sotho
38,256,(106) 2511357,Tybi,Burdin,1,21/04/2024,false,Burmese
46,257,(735) 8180438,Dewitt,Oatley,1,16/11/2023,false,Tok Pisin
35,258,(493) 8432101,Stephani,Sapsforde,0,08/12/2023,false,Kazakh
17,259,(848) 6446868,Marcia,Leathley,0,27/03/2024,false,Lao
81,260,(367) 4403128,Chrotoem,Joyce,0,12/05/2023,false,Azeri
37,261,(904) 1791408,Vitoria,Bliss,1,27/06/2023,false,French
82,262,(563) 3152378,Alberto,Backhouse,1,05/04/2024,true,Sotho
12,263,(917) 6882652,Tybie,Veart,1,22/09/2023,false,Italian
86,264,(963) 4262153,Neils,Coles,0,24/12/2023,false,Aymara
69,265,(366) 7808043,Mano,Bulbeck,0,06/11/2023,false,Mongolian
82,266,(584) 1649713,Marta,Lethbury,1,30/12/2023,true,Ndebele
91,267,(504) 4225506,Jasper,Fulk,1,18/05/2023,true,Sotho
42,268,(908) 9915644,Brina,Elster,0,12/10/2023,true,Tajik
66,269,(188) 4022685,Spencer,Callf,0,03/11/2023,false,Catalan
38,270,(114) 8968911,Tildy,Lamburn,1,11/11/2023,true,Assamese
53,271,(580) 7470696,Ferdinanda,Buxcy,1,22/03/2024,true,Oriya
51,272,(269) 6819039,Karia,Whittles,0,20/02/2024,true,Swedish
9,273,(399) 4388637,Alic,Tawse,0,26/12/2023,true,Montenegrin
25,274,(756) 3121069,Damiano,Serginson,1,27/04/2024,false,Nepali
79,275,(120) 8707741,Julian,Learie,1,25/05/2023,true,Quechua
33,276,(277) 2835571,Sadie,Minthorpe,1,10/04/2024,true,Bislama
87,277,(288) 5374470,Kally,Tortoise,0,12/03/2024,true,Bulgarian
90,278,(412) 6804654,Hildegaard,Scarrisbrick,0,14/11/2023,true,Tajik
57,279,(223) 9985850,Othelia,Merlin,1,27/10/2023,false,Kurdish
91,280,(182) 3309198,Oswell,Fullick,0,11/07/2023,false,Danish
79,281,(733) 4396491,Delphinia,Torvey,0,18/01/2024,true,Hebrew
18,282,(293) 6145228,Marshal,Sneath,1,24/03/2024,true,Georgian
85,283,(964) 4888688,Gabriela,Bedell,1,23/11/2023,false,Montenegrin
18,284,(244) 4432775,Orland,Bisson,0,21/06/2023,false,Bengali
17,285,(314) 6493485,Thorny,Sorley,1,15/02/2024,false,Tamil
59,286,(157) 3554645,Malena,Ivanchikov,1,15/06/2023,false,Azeri
77,287,(354) 2434295,Curr,Larne,0,08/11/2023,false,Norwegian
93,288,(134) 5481428,Ruthie,Sharp,0,11/07/2023,true,Thai
87,289,(844) 4458892,Urson,Tumbridge,1,29/02/2024,false,Dutch
81,290,(654) 2147812,Alicia,Tickner,1,23/04/2024,false,Azeri
97,291,(638) 6824190,Abbie,Pandie,1,15/06/2023,true,Montenegrin
31,292,(722) 9336670,Mischa,Hawkswell,1,14/12/2023,true,Irish Gaelic
48,293,(758) 4380887,Mord,Powell,1,30/09/2023,false,French
60,294,(313) 6125210,Lexine,Brinson,0,14/09/2023,false,Italian
90,295,(139) 2684720,Ricky,Camps,1,02/10/2023,true,Sotho
31,296,(522) 6111284,Tandy,Escoffier,1,28/04/2024,true,Oriya
65,297,(478) 8844560,Veradis,Wearing,0,02/07/2023,true,Icelandic
30,298,(399) 5836242,Tait,Caldaro,0,19/01/2024,true,Punjabi
69,299,(361) 5749548,Graehme,Agron,1,25/03/2024,true,Afrikaans
23,300,(604) 1130254,Boot,Halloran,1,03/09/2023,false,Bosnian
88,301,(318) 6100202,Lurleen,Kauschke,0,13/07/2023,false,Afrikaans
26,302,(817) 1930715,Claiborne,Cullerne,1,20/12/2023,false,Greek
94,303,(616) 2349274,Tresa,Southern,0,10/10/2023,true,Bengali
19,304,(369) 9416305,Baxie,Ivison,1,28/09/2023,false,Telugu
35,305,(842) 8616137,Terry,Mabbitt,0,22/01/2024,true,Georgian
21,306,(320) 6669689,Hamil,Dowman,1,21/04/2024,false,Hiri Motu
5,307,(782) 2914258,Darrel,Claasen,1,06/02/2024,true,Spanish
12,308,(689) 9126015,Jody,Morch,0,03/08/2023,false,Croatian
8,309,(203) 3478398,Colas,Taber,0,02/03/2024,true,Nepali
27,310,(524) 6767851,Damaris,Perrottet,1,10/11/2023,false,Catalan
78,311,(802) 2247772,Vallie,Adger,0,15/05/2023,true,Hungarian
13,312,(706) 1520250,Vincents,Tubbs,1,13/03/2024,false,Belarusian
82,313,(421) 5927927,Silvain,Moynihan,0,27/04/2024,true,Zulu
64,314,(135) 2487139,Gail,Fowls,0,02/09/2023,false,Dhivehi
86,315,(107) 5322389,Quincy,Bubb,1,14/04/2024,true,Polish
95,316,(343) 2141540,Maximilian,Joutapaitis,0,14/07/2023,false,Icelandic
9,317,(430) 4443462,Udell,Yanele,0,29/01/2024,false,Estonian
64,318,(461) 4896596,Krista,Wallicker,1,09/01/2024,true,Japanese
73,319,(269) 1701199,Bobbi,Brockley,1,08/10/2023,false,Swahili
94,320,(133) 7328128,Henry,Harman,0,07/12/2023,true,Italian
85,321,(913) 1244620,Daniela,Reuven,0,23/02/2024,false,Belarusian
100,322,(365) 6548742,Sophronia,Copperwaite,1,11/02/2024,false,Afrikaans
24,323,(385) 6612970,Lorine,Mart,0,12/03/2024,false,Dhivehi
62,324,(910) 1313048,Brittani,Vanyukhin,0,10/10/2023,true,Azeri
8,325,(926) 7633715,Phillipe,Mustin,0,24/12/2023,false,Azeri
96,326,(342) 4657067,Sharai,Ely,0,09/06/2023,false,Tsonga
40,327,(730) 1218736,Heidie,Narraway,0,25/12/2023,true,Marathi
78,328,(844) 5090962,Gretal,Prisley,1,04/07/2023,true,Dari
42,329,(626) 8606917,Kristy,Coy,0,04/05/2024,true,Haitian Creole
62,330,(875) 1251016,Ellary,Lawrie,1,23/10/2023,false,Tok Pisin
19,331,(104) 4840424,Nicola,Cope,1,09/11/2023,false,Filipino
51,332,(918) 6867480,Efren,Towler,0,05/09/2023,true,Telugu
87,333,(466) 1938202,Darlene,Glanfield,1,20/03/2024,false,Luxembourgish
84,334,(109) 2979160,Melinda,Kelbie,0,19/10/2023,false,Polish
26,335,(863) 1478516,Brandie,O'Cleary,0,28/07/2023,false,Georgian
13,336,(610) 5190734,Jennie,Betterton,0,20/01/2024,true,Lao
41,337,(995) 9362709,Orlando,Huntingford,0,27/08/2023,true,Tetum
100,338,(471) 9695896,Lark,Bradburn,0,07/12/2023,true,Tsonga
56,339,(971) 8290258,Hobard,Cluckie,1,29/08/2023,false,Moldovan
4,340,(803) 6262694,Dory,Matusov,1,04/05/2024,true,Lao
6,341,(448) 1633475,Theodoric,Hardstaff,0,06/06/2023,true,French
41,342,(118) 8075769,Rachelle,Bodker,0,30/07/2023,true,Pashto
56,343,(280) 7457572,Phillipe,Brunel,0,24/08/2023,true,Persian
67,344,(791) 4256265,Miguel,Posen,1,03/02/2024,true,Polish
40,345,(989) 1089966,Nolana,Jacson,1,13/01/2024,true,Romanian
44,346,(245) 5477582,Dreddy,Finn,0,02/12/2023,false,Bislama
99,347,(404) 3977190,Collie,Fleet,1,03/03/2024,false,Norwegian
67,348,(855) 3659320,Ninetta,Sill,0,26/06/2023,true,Kashmiri
31,349,(303) 6052512,Forbes,Nutbean,1,11/11/2023,true,Gujarati
70,350,(286) 8675693,Keene,Galton,1,06/04/2024,true,Albanian
84,351,(966) 5995320,Jerrie,Riccard,1,23/01/2024,true,Dzongkha
48,352,(827) 1106414,Curr,Brimilcombe,0,04/09/2023,false,Czech
57,353,(485) 8796827,Kati,Wharton,0,29/06/2023,false,Lithuanian
74,354,(483) 8917545,See,Nannizzi,0,13/10/2023,true,Pashto
31,355,(316) 8089633,Teriann,Giurio,1,25/12/2023,false,Spanish
42,356,(535) 8975440,Tyrus,Alflat,0,08/02/2024,false,Māori
71,357,(170) 1545699,Dulcia,Edmondson,1,24/05/2023,false,Swahili
22,358,(906) 4310190,Samantha,Cobby,1,11/01/2024,true,Tok Pisin
46,359,(725) 1941136,Scotti,Cullrford,0,08/06/2023,false,Spanish
79,360,(176) 9752294,Merv,Punchard,1,14/11/2023,true,Ndebele
55,361,(139) 7294577,Tisha,Brogden,0,24/02/2024,false,Lao
65,362,(961) 5840669,Edythe,Francis,0,15/11/2023,false,Malay
61,363,(435) 9994536,Caitlin,Milam,0,23/05/2023,false,Norwegian
58,364,(247) 5524124,Regine,Pawlick,0,14/02/2024,false,Dhivehi
8,365,(592) 3427791,Gallard,Llewelyn,1,11/07/2023,false,Latvian
20,366,(655) 4561564,Harald,Radbourne,0,28/06/2023,false,Albanian
27,367,(967) 7165601,Star,Brabant,1,30/08/2023,false,Thai
65,368,(804) 3799827,Doralynn,Brownhill,0,27/10/2023,false,Gujarati
31,369,(601) 4786111,Jaquelin,Kramer,1,29/09/2023,true,Belarusian
38,370,(341) 4005565,Daniela,Hinckesman,0,27/08/2023,false,Thai
42,371,(637) 8213707,Ilario,Babber,1,09/09/2023,true,Māori
85,372,(831) 6876377,Quinton,Wey,0,28/02/2024,false,Tamil
40,373,(426) 9400321,Neils,Creer,1,22/11/2023,true,Papiamento
5,374,(823) 7352047,Isiahi,Balshen,0,11/09/2023,true,Lithuanian
72,375,(119) 9802356,Hannie,Barnsley,1,20/09/2023,true,Bislama
75,376,(151) 4708996,Martita,Gosnay,0,25/06/2023,false,French
48,377,(152) 8881777,Marti,Christophle,1,24/11/2023,false,Danish
11,378,(886) 1965382,Nina,Mayall,1,15/01/2024,true,Tajik
50,379,(771) 8683336,Isabel,McElwee,1,25/07/2023,true,Malagasy
17,380,(695) 4583647,Eda,Topley,0,03/03/2024,false,Chinese
49,381,(696) 8039417,Marisa,Darcy,0,16/04/2024,true,Maltese
87,382,(282) 8270030,Timmi,Fergusson,1,06/06/2023,true,Bislama
47,383,(595) 3400060,Allister,Marquet,1,10/10/2023,false,Telugu
41,384,(772) 3146300,Maribel,Lever,1,28/06/2023,true,Ndebele
8,385,(696) 9995675,Petronilla,Handrick,1,31/01/2024,true,Kurdish
89,386,(673) 5502493,Robina,Blacksell,1,04/03/2024,true,Punjabi
82,387,(315) 6382391,Wilmer,Pesic,1,30/10/2023,true,Oriya
30,388,(423) 4286663,Stuart,Brasier,1,01/10/2023,true,Kannada
71,389,(702) 5677965,Willem,Maier,0,13/09/2023,true,French
38,390,(415) 1486960,Otto,Padgham,1,05/09/2023,false,Persian
90,391,(465) 4668413,Ynez,Mazzei,0,02/11/2023,true,Dari
65,392,(733) 2955308,Beth,Brasher,0,27/03/2024,true,Kashmiri
83,393,(621) 1203296,Averil,Welsh,0,19/01/2024,false,Tok Pisin
35,394,(806) 5807166,Marcela,Delepine,0,17/04/2024,false,German
95,395,(315) 3423640,Elmore,Cisco,1,03/11/2023,true,Assamese
16,396,(512) 7157958,Cecile,Leborgne,1,14/04/2024,true,Malagasy
83,397,(972) 4991233,Zachariah,Layburn,1,23/09/2023,true,Oriya
73,398,(576) 3263873,Lek,Abazi,0,20/05/2023,false,Mongolian
29,399,(159) 8351084,Claudina,Ray,1,14/09/2023,false,Afrikaans
81,400,(708) 1870009,Julia,Faers,1,02/10/2023,true,West Frisian
16,401,(688) 8177486,Estella,Humerstone,0,30/09/2023,true,Burmese
96,402,(353) 3933453,Jory,Hardington,1,12/11/2023,false,Oriya
75,403,(993) 3599515,Rainer,Frowen,1,18/05/2023,false,Portuguese
16,404,(260) 4422835,Orelee,Gullyes,1,02/12/2023,true,Marathi
33,405,(766) 9352493,Jorge,Ferenczi,0,08/05/2024,true,Belarusian
47,406,(672) 1567099,Philippa,Coonihan,1,12/06/2023,false,Sotho
72,407,(612) 1163075,Antonella,Siemens,1,17/08/2023,true,Oriya
14,408,(106) 1076406,Aldwin,Labbet,1,28/08/2023,true,Assamese
24,409,(653) 2448985,Kathye,Latehouse,0,03/11/2023,true,Tswana
82,410,(442) 8584910,Nolan,Fell,0,29/12/2023,true,Swedish
8,411,(588) 2321082,Ronnie,Bowdon,0,18/10/2023,false,Chinese
23,412,(381) 5363096,Abigael,Regitz,1,10/03/2024,true,Dhivehi
68,413,(751) 5347078,Bartolomeo,Woodrough,1,13/09/2023,false,Telugu
29,414,(104) 8367455,Feliza,Ulyatt,0,19/08/2023,false,Assamese
4,415,(935) 1620926,Leeann,Tullis,1,20/03/2024,true,Yiddish
75,416,(645) 7765343,Hobey,Congram,1,27/10/2023,false,Lithuanian
81,417,(653) 4732177,Lydie,Bauer,1,13/12/2023,true,Spanish
66,418,(195) 6681254,Stesha,Tatlow,1,06/03/2024,true,Mongolian
6,419,(353) 5109200,Gay,Cawston,0,20/11/2023,false,Tetum
83,420,(134) 9902398,Zorine,Chaulk,1,17/08/2023,true,Dutch
87,421,(706) 2796603,Marysa,Pulteneye,0,08/07/2023,false,Belarusian
2,422,(189) 1788325,Gabriel,Maroney,1,09/01/2024,false,Telugu
71,423,(543) 9536012,Bearnard,Nutt,0,02/04/2024,false,Maltese
64,424,(596) 6368402,Victoria,Drane,0,07/12/2023,true,Macedonian
60,425,(258) 3918068,Luce,Croysdale,0,28/11/2023,true,Belarusian
85,426,(513) 4357238,Ignaz,Derisley,0,14/12/2023,false,Māori
31,427,(360) 8104855,Tamas,Timlin,0,21/08/2023,true,Swahili
7,428,(281) 1105824,Darnell,Polo,1,17/01/2024,true,Irish Gaelic
76,429,(403) 9717409,Britney,Choppin,0,16/09/2023,true,Somali
52,430,(126) 3068818,Aaren,Fancott,0,06/04/2024,false,Danish
40,431,(920) 6157599,Aili,Offell,0,09/04/2024,true,Marathi
80,432,(438) 7924035,Shanan,Godmar,0,17/07/2023,false,Pashto
72,433,(742) 6649777,Bradly,Denman,1,24/01/2024,false,Icelandic
52,434,(648) 1281071,Dunstan,Nanelli,0,27/09/2023,true,Telugu
46,435,(634) 4330029,Wyatan,Sennett,1,30/10/2023,false,Norwegian
31,436,(860) 2267386,Kalina,Mabbett,1,01/02/2024,true,Hebrew
10,437,(560) 6073371,Nikolai,Minucci,1,30/05/2023,true,Bosnian
82,438,(931) 7648965,Linc,Brimblecomb,0,30/08/2023,true,Armenian
81,439,(110) 1442874,Eadie,Matfin,1,08/11/2023,true,Quechua
20,440,(773) 3793369,Tonnie,Dict,1,14/11/2023,true,Bislama
66,441,(447) 5393870,Jordon,Sprowles,1,19/12/2023,false,Persian
35,442,(572) 6705550,Gayleen,Casajuana,1,17/01/2024,false,Kashmiri
54,443,(199) 3476483,Pennie,Soppit,1,04/01/2024,false,Georgian
34,444,(209) 7668791,Carmelita,Hoyland,1,19/11/2023,true,Bengali
7,445,(424) 7794884,Elianora,Mityashev,1,17/04/2024,true,Croatian
42,446,(865) 2906696,Rayshell,Spilsbury,1,03/05/2024,false,Dutch
7,447,(250) 9688882,Colene,Woolger,1,07/03/2024,true,Swahili
93,448,(479) 8614475,Danyelle,Casolla,0,05/12/2023,false,Albanian
11,449,(832) 6221623,Marilyn,Folcarelli,1,24/12/2023,false,Khmer
55,450,(877) 8996263,Sande,le Keux,1,17/10/2023,false,Khmer
80,451,(617) 8009279,Ber,Mitcheson,0,30/12/2023,false,Lao
25,452,(957) 2461922,Val,Took,0,24/07/2023,true,Bengali
46,453,(133) 2166420,Lazaro,Syrad,0,12/03/2024,false,Kyrgyz
70,454,(181) 3611410,Gweneth,Cubitt,1,29/07/2023,true,Georgian
78,455,(501) 2258552,Harper,Veschambre,0,25/11/2023,true,Polish
4,456,(782) 5308404,Herman,Donizeau,1,08/06/2023,false,French
77,457,(822) 1863038,Ingelbert,Potticary,0,14/12/2023,false,Tok Pisin
95,458,(953) 7984120,Cassandre,Postles,1,01/10/2023,false,Swedish
42,459,(939) 3978702,Karlens,Spira,1,23/08/2023,true,Belarusian
66,460,(581) 6252974,Mehetabel,Talloe,1,21/08/2023,false,Tok Pisin
23,461,(675) 2470178,Bibby,Piddlehinton,0,21/06/2023,false,Tok Pisin
22,462,(869) 9941059,Lavena,Leverett,1,24/04/2024,false,Kurdish
24,463,(163) 9245911,Trula,Whyborn,0,26/07/2023,true,Czech
86,464,(256) 9364198,Luther,Delmonti,1,05/09/2023,true,Macedonian
100,465,(936) 3742804,Gideon,Hackford,0,02/08/2023,false,Gujarati
66,466,(918) 4211835,Stanley,Allery,0,31/10/2023,true,Punjabi
39,467,(687) 5389378,Jacinta,Galia,0,10/07/2023,true,Moldovan
18,468,(628) 8486685,Terrill,Humble,0,28/09/2023,false,Hungarian
85,469,(888) 6167210,Bryce,Blackledge,0,25/12/2023,true,Tajik
76,470,(410) 9949943,Cindra,Lasseter,0,13/01/2024,false,Pashto
67,471,(487) 3452723,Bevin,Rennolds,1,08/12/2023,true,Persian
88,472,(866) 6791910,Micheil,Fiorentino,1,06/10/2023,true,Swahili
19,473,(408) 6474974,Fredericka,Geator,0,11/08/2023,true,Sotho
29,474,(185) 2096533,Bambi,Wheatcroft,1,16/08/2023,false,Finnish
30,475,(650) 5795115,Towney,Darch,0,19/09/2023,true,German
45,476,(406) 9807124,Heywood,Noblet,0,29/11/2023,false,Dzongkha
90,477,(421) 7152302,Vernon,Christoffels,0,07/07/2023,true,Oriya
73,478,(205) 5952464,Jayne,Baudasso,0,19/11/2023,false,Kyrgyz
18,479,(102) 1910245,Mirabel,Castellet,0,15/01/2024,false,New Zealand Sign Language
66,480,(190) 8685561,Hasty,Borland,1,08/07/2023,false,Tamil
56,481,(233) 7595759,Harry,Sheal,1,31/07/2023,true,Kurdish
62,482,(711) 9254159,Mechelle,Vinter,0,31/07/2023,false,Tok Pisin
40,483,(289) 3710250,Norry,Splevin,1,27/07/2023,true,Zulu
9,484,(841) 4099556,Margarette,Atwood,1,01/11/2023,false,Hiri Motu
86,485,(303) 2052095,Heidi,Gromley,1,02/08/2023,false,Norwegian
69,486,(192) 9595231,Paulie,Febry,1,21/12/2023,false,Estonian
27,487,(214) 1455753,Ediva,MacRedmond,0,09/04/2024,true,Chinese
43,488,(178) 7263080,Sayres,Hartrick,0,26/01/2024,true,Arabic
2,489,(303) 6688276,Gabriele,Salsbury,0,17/12/2023,false,Guaraní
10,490,(880) 2036259,Jerrylee,Musicka,0,30/11/2023,true,Bulgarian
49,491,(703) 3984970,Fielding,Bowering,0,23/02/2024,false,Kashmiri
92,492,(306) 3704167,Colly,Drever,0,17/09/2023,false,Malay
13,493,(956) 2343293,Martina,Nevin,0,11/10/2023,true,Catalan
29,494,(696) 1441386,Gusty,Cattow,1,17/09/2023,true,Macedonian
14,495,(996) 5774145,Kyla,Sultana,0,10/08/2023,false,Sotho
6,496,(334) 3985057,Hetty,Jaskiewicz,0,20/10/2023,false,Chinese
71,497,(632) 9159535,Tamqrah,Ferns,0,13/02/2024,false,Polish
88,498,(694) 2112097,Fonz,Hammelberg,1,02/03/2024,true,Swati
87,499,(764) 3454852,Jori,Bigby,0,29/05/2023,true,Swahili
85,500,(129) 1486037,Elena,Manuel,0,27/07/2023,true,Bosnian
13,501,(337) 8483712,Claudette,Sealey,0,10/12/2023,true,Burmese
95,502,(987) 2299603,Kania,Huelin,0,06/01/2024,false,Punjabi
98,503,(953) 8204867,Booth,O'Ferris,0,21/01/2024,true,Sotho
16,504,(980) 6967002,Noby,Tizard,1,07/11/2023,false,Dutch
3,505,(203) 8942242,Helenka,Gibbard,1,21/10/2023,true,Māori
2,506,(471) 2256063,Abby,Khilkov,1,19/07/2023,true,Spanish
93,507,(976) 7062561,Betteanne,Younglove,1,20/10/2023,false,Dhivehi
15,508,(770) 5823965,Maurita,Sissel,0,11/04/2024,false,Polish
88,509,(277) 5436357,Yule,Kee,0,18/03/2024,true,Montenegrin
36,510,(963) 8489282,Donall,Wimbury,0,18/03/2024,false,Dhivehi
76,511,(499) 2914095,Birgit,Greetham,1,18/07/2023,false,Mongolian
14,512,(527) 4526902,Thaddeus,Jenkerson,0,08/08/2023,false,Hindi
38,513,(835) 9078862,Terra,Pettigrew,1,18/06/2023,false,Moldovan
68,514,(330) 7428693,Viole,Fells,1,10/04/2024,true,Fijian
90,515,(703) 5483216,Urban,Fullerd,0,23/05/2023,false,Dari
77,516,(994) 6086278,Charo,Dorsett,0,16/08/2023,true,Nepali
40,517,(965) 1483400,Thibaut,Nellies,1,11/03/2024,true,Korean
57,518,(441) 6027477,Krystle,Boog,0,15/02/2024,false,Hiri Motu
29,519,(885) 6352817,Adolphus,Ivett,0,13/07/2023,true,Marathi
93,520,(300) 2427201,Reube,Gidley,1,02/05/2024,false,Tswana
13,521,(773) 3685704,Evelina,Wrathmall,1,23/06/2023,false,Catalan
21,522,(715) 1461174,Mufinella,Blackader,0,06/07/2023,true,Finnish
58,523,(551) 2262793,Maudie,Halsted,1,20/06/2023,false,Italian
7,524,(977) 8982081,Stanislaus,Doelle,1,13/05/2023,true,Afrikaans
61,525,(873) 6058735,Helyn,Assante,0,13/08/2023,false,Burmese
40,526,(280) 6560267,Lisbeth,Dauby,1,14/11/2023,false,Kurdish
45,527,(885) 1690122,Geri,Kilalea,1,07/12/2023,false,Georgian
1,528,(524) 8868904,Alyse,MacEllen,0,24/08/2023,false,Zulu
34,529,(932) 5292127,Tuesday,Berkowitz,0,04/05/2024,true,Dhivehi
3,530,(391) 2663057,Fayette,Ervine,1,18/06/2023,true,Persian
86,531,(381) 1828778,Reagan,Garm,0,12/12/2023,false,Gujarati
100,532,(127) 7605168,Krissy,Tomasutti,0,11/02/2024,false,German
9,533,(913) 9226959,Markus,Wethered,1,23/01/2024,false,German
9,534,(996) 5712290,Armand,Birkin,0,20/09/2023,true,Greek
61,535,(442) 4433982,Emogene,Shelly,1,22/11/2023,true,Fijian
74,536,(997) 1961964,Filippa,Mellows,0,17/12/2023,false,Northern Sotho
53,537,(166) 3436910,Jillana,Yeulet,1,05/01/2024,false,Irish Gaelic
46,538,(302) 7939999,Karlee,Pell,1,22/07/2023,true,Swedish
69,539,(513) 6661264,Gabrielle,Langmead,0,25/02/2024,true,Czech
27,540,(251) 4843744,Grace,Roles,1,04/11/2023,true,Zulu
22,541,(327) 6269416,Josie,Matula,0,21/09/2023,true,Luxembourgish
1,542,(354) 5731490,Lane,See,0,24/05/2023,true,Thai
95,543,(302) 4790682,Chelsae,Gres,0,19/10/2023,false,Lithuanian
16,544,(379) 6305812,Nerta,Tinan,1,14/07/2023,true,Tetum
16,545,(318) 2395231,Berkly,Martensen,1,04/12/2023,false,Moldovan
5,546,(428) 4508054,Cordie,Cornau,1,20/05/2023,true,Armenian
40,547,(182) 3279210,Addy,Barthot,0,22/10/2023,true,Pashto
20,548,(734) 9822760,Valdemar,Baccas,0,29/08/2023,true,Haitian Creole
98,549,(475) 1026384,Jermain,Paffley,1,18/03/2024,true,Albanian
70,550,(546) 8649588,Marlo,Necrews,1,07/07/2023,false,Macedonian
42,551,(851) 1112179,Agneta,Eloi,0,06/07/2023,true,Czech
17,552,(511) 5339307,Cyndi,Meatyard,0,18/05/2023,false,Kazakh
36,553,(134) 5064060,Cilka,Guyers,1,24/05/2023,true,Persian
61,554,(157) 8733272,Garrot,Costall,0,13/07/2023,false,Dhivehi
40,555,(518) 1169441,Craggy,Garms,0,14/01/2024,true,Papiamento
16,556,(434) 5798179,Geno,Lye,0,16/10/2023,true,Belarusian
83,557,(605) 7349712,Arnie,Dietz,1,27/12/2023,true,Kurdish
77,558,(511) 2288612,Catriona,Shakshaft,1,01/06/2023,false,Estonian
37,559,(364) 4249491,Alwin,Cyseley,0,20/08/2023,true,Danish
89,560,(228) 8553340,Bee,Shepheard,0,23/10/2023,true,English
76,561,(431) 9140135,Nicoline,Fierro,0,10/01/2024,false,Irish Gaelic
12,562,(540) 4434881,Sonya,Lothean,0,12/02/2024,true,Icelandic
99,563,(224) 5675534,Christin,Summons,0,28/05/2023,false,Haitian Creole
53,564,(743) 8188642,Anne-corinne,Zaple,0,25/08/2023,true,Marathi
4,565,(593) 4333375,Bobbee,Bogie,1,14/10/2023,false,New Zealand Sign Language
43,566,(426) 7596590,Aindrea,McGougan,1,24/04/2024,true,Lithuanian
45,567,(247) 2864357,Giovanni,MacDonagh,1,15/01/2024,false,Burmese
9,568,(443) 9910188,Balduin,Salmond,1,09/03/2024,true,Tajik
18,569,(307) 4382321,Tailor,Stillmann,0,11/05/2023,false,Tok Pisin
64,570,(431) 1202946,Conny,Drake,0,17/03/2024,true,Aymara
80,571,(502) 4657882,Willetta,Cakebread,1,16/07/2023,false,Gagauz
81,572,(755) 9183182,Sauncho,Hannigane,1,11/01/2024,true,Moldovan
93,573,(632) 3787425,Davon,O'Regan,0,15/11/2023,true,Hindi
87,574,(691) 7447604,Stacia,Manus,1,30/09/2023,true,Aymara
62,575,(746) 8340214,Pamelina,Gowthorpe,1,05/08/2023,false,Arabic
14,576,(912) 5410896,Griff,Couthard,1,13/03/2024,false,Romanian
42,577,(503) 3989954,Thekla,Marxsen,1,02/12/2023,true,Swedish
5,578,(551) 6476564,Jeanna,Duran,0,12/10/2023,false,Japanese
29,579,(822) 3459738,Nessy,Minter,1,10/11/2023,false,Amharic
66,580,(831) 6964135,Winifred,Leyes,0,27/10/2023,false,Swahili
31,581,(191) 2531079,Ronald,Hackley,1,06/09/2023,true,Zulu
55,582,(193) 2761775,Laverna,Sheen,1,25/03/2024,false,Portuguese
8,583,(894) 1061887,Karlotte,Spada,1,21/08/2023,false,Macedonian
56,584,(493) 5001585,Lila,Conkey,0,10/11/2023,false,Hindi
39,585,(725) 4475298,Nicolas,Tait,0,01/11/2023,false,Marathi
19,586,(826) 5698641,Francoise,Darkins,1,08/05/2024,true,Danish
42,587,(829) 9600514,Tristan,Titcumb,0,01/01/2024,true,Swati
92,588,(920) 9349459,Eunice,Reinhard,1,17/04/2024,true,Dari
40,589,(314) 4817096,Thea,Aveyard,1,21/05/2023,true,Hebrew
28,590,(504) 4571666,Lorain,Stiffkins,1,05/01/2024,true,Macedonian
45,591,(256) 5572208,Putnem,Whitford,1,29/10/2023,true,Norwegian
2,592,(390) 2765823,Reginauld,Ocheltree,0,15/08/2023,false,Northern Sotho
92,593,(524) 5908395,Egor,Planks,1,07/04/2024,true,Catalan
80,594,(194) 4852080,Carie,de la Valette Parisot,1,16/08/2023,true,Tajik
43,595,(605) 8711241,Gideon,Bolderoe,1,24/07/2023,false,Latvian
39,596,(509) 1696271,Anastassia,McElory,1,12/01/2024,false,Georgian
82,597,(790) 3640533,Godfrey,Senett,0,03/08/2023,false,Kashmiri
64,598,(903) 2080226,Reba,Davidoff,1,04/10/2023,true,Telugu
71,599,(839) 9425954,Brew,Tremoille,1,27/09/2023,false,Dhivehi
62,600,(141) 7155800,Chaddy,Bailes,0,15/01/2024,true,Danish
6,601,(878) 5178214,Marcy,Somerfield,1,24/05/2023,false,English
39,602,(841) 8128133,Raffarty,Gricks,1,10/10/2023,false,Tajik
24,603,(338) 3802112,Terese,Langlais,0,20/06/2023,true,Haitian Creole
33,604,(393) 9607441,Odelia,Bernardotti,1,18/06/2023,true,Tswana
24,605,(837) 5402220,Miof mela,Woodrow,1,29/01/2024,false,Catalan
24,606,(265) 7614635,Imojean,Mimmack,0,07/03/2024,true,Korean
58,607,(315) 1808113,Artair,Crevy,1,23/09/2023,false,Somali
89,608,(579) 2066782,Imelda,Downgate,1,09/10/2023,false,Armenian
95,609,(440) 2813241,Toby,Blazi,1,13/10/2023,false,Swedish
87,610,(884) 4375047,Dominga,Meran,1,03/08/2023,true,Belarusian
71,611,(354) 3238201,Tomaso,Nellies,1,24/08/2023,true,Dari
97,612,(634) 6514721,Sansone,Crady,1,04/03/2024,true,Greek
46,613,(364) 7667737,Zerk,Harrod,1,20/07/2023,true,Armenian
31,614,(901) 8369570,Donalt,Ludl,1,08/10/2023,true,Aymara
97,615,(225) 9076761,Alexio,Glasscock,1,21/02/2024,false,Oriya
11,616,(149) 3404326,Merle,Limprecht,1,15/11/2023,true,Quechua
41,617,(254) 3410872,Stefa,Goldes,0,25/12/2023,true,Kazakh
17,618,(881) 4356904,Jacquette,Bahl,0,11/03/2024,true,Korean
51,619,(798) 1921757,Donny,Antoni,0,03/02/2024,false,Afrikaans
10,620,(183) 4037778,Rowena,Foxley,0,23/12/2023,false,Romanian
21,621,(882) 3370195,Myer,Kimm,0,21/07/2023,false,Croatian
1,622,(146) 7680022,Inna,Flute,1,27/06/2023,true,Latvian
58,623,(796) 6469954,Krystal,Ronaldson,0,06/07/2023,true,Oriya
2,624,(728) 5869666,Rochelle,Hance,1,28/02/2024,true,Korean
42,625,(229) 4214444,Brier,Lafflin,1,19/06/2023,true,Ndebele
91,626,(722) 9287697,Helene,Barltrop,0,18/05/2023,false,Dhivehi
13,627,(461) 1694100,Annis,Brophy,1,07/11/2023,false,Zulu
5,628,(354) 9755471,Sergio,Cellone,1,21/02/2024,true,Thai
55,629,(964) 6718260,Whitney,Giraudeau,1,17/09/2023,false,Norwegian
28,630,(213) 2602710,Linda,Stobo,1,26/12/2023,true,Pashto
76,631,(553) 8107384,Samaria,Liddiard,1,20/02/2024,false,Montenegrin
77,632,(305) 3149695,Jervis,Petzolt,0,14/02/2024,true,Mongolian
6,633,(648) 2839050,Kelli,Boniface,1,09/03/2024,false,Tswana
27,634,(708) 7021824,Sallyanne,Seifert,1,21/03/2024,true,Indonesian
26,635,(811) 3478610,Michal,McCullum,1,30/01/2024,false,Bislama
17,636,(653) 6800010,Rebeka,Stokoe,1,12/04/2024,false,Sotho
67,637,(730) 9778208,Ely,Blaxter,0,10/04/2024,true,Gujarati
10,638,(109) 8435965,Jean,Angrick,0,05/10/2023,true,Malayalam
78,639,(279) 7121938,Anthia,Cowe,0,08/04/2024,true,Haitian Creole
93,640,(214) 1950946,Wilmette,Blyth,1,03/01/2024,true,Bulgarian
2,641,(296) 5902292,Luciano,Bond,1,15/08/2023,false,Ndebele
60,642,(559) 3343129,Paxon,Mc Cahey,0,15/09/2023,true,English
94,643,(262) 5872514,Nester,Patrono,0,29/10/2023,false,Swedish
14,644,(952) 6736520,Godwin,Chatters,0,03/05/2024,true,Finnish
34,645,(135) 6468103,Camey,Braley,0,04/04/2024,false,Afrikaans
85,646,(824) 4477267,Shena,Chasmoor,1,24/08/2023,false,Fijian
76,647,(721) 7546134,Maisey,Tupper,0,16/11/2023,false,Tetum
74,648,(689) 1349482,Dyna,Glazebrook,0,23/04/2024,false,Estonian
71,649,(698) 8840077,Ines,Zarfati,0,15/04/2024,false,Amharic
6,650,(983) 2309707,Chane,McTrusty,1,27/06/2023,false,Fijian
72,651,(750) 6626801,Caz,De La Coste,0,30/12/2023,true,Kurdish
63,652,(564) 9409525,Karena,Scammell,1,04/06/2023,true,Persian
36,653,(261) 1531424,Donica,Robinett,1,14/02/2024,true,Amharic
62,654,(954) 6039503,Myriam,Dessant,0,14/05/2023,false,Assamese
34,655,(116) 9046600,Issie,Tuther,0,07/02/2024,false,Burmese
10,656,(543) 4707827,Aleda,Fasey,1,27/02/2024,false,Dutch
22,657,(115) 7802085,Fleurette,Macknish,1,24/09/2023,true,German
25,658,(113) 7790015,Filbert,Cubbit,1,11/05/2023,false,Hungarian
38,659,(349) 8255024,Kate,Teese,0,11/09/2023,true,Albanian
49,660,(286) 1674989,Betty,Birkby,0,15/11/2023,false,Azeri
92,661,(423) 4318681,Lisa,Auld,0,27/12/2023,true,Amharic
50,662,(637) 3877634,Homerus,Rowe,0,31/10/2023,false,Georgian
59,663,(688) 7683623,Marylynne,Chalfain,1,27/02/2024,true,Korean
91,664,(408) 1847061,Bennie,Jiggens,0,24/07/2023,false,Burmese
82,665,(554) 9178664,Abelard,Snowden,0,18/10/2023,true,Kannada
13,666,(552) 2611846,Jen,Foggarty,0,17/05/2023,true,Catalan
48,667,(123) 8334146,Sibbie,Laraway,1,10/06/2023,false,Malagasy
58,668,(337) 2503083,Clevey,Jzhakov,1,08/02/2024,true,Montenegrin
61,669,(181) 7812000,Gideon,Patching,1,04/08/2023,false,Afrikaans
72,670,(999) 4246444,Orren,Prandy,1,18/03/2024,false,Norwegian
27,671,(484) 5111773,Chev,Jiggins,1,12/10/2023,false,Macedonian
48,672,(152) 3665980,Bryon,Minchinton,0,25/06/2023,true,Georgian
60,673,(544) 6373148,Ulrica,Dewberry,0,04/10/2023,true,Kurdish
85,674,(444) 3724255,Sibyl,Piscopo,1,10/09/2023,false,Malagasy
40,675,(506) 1324694,Annamarie,Dudney,0,30/03/2024,true,Oriya
12,676,(168) 4671663,Nannie,Chinnock,0,07/11/2023,true,Catalan
42,677,(883) 3569160,Saw,Lethbridge,0,30/06/2023,true,Yiddish
22,678,(211) 4468634,Calv,Vicent,0,04/08/2023,true,Malay
73,679,(654) 5188432,Grove,Peyes,0,05/08/2023,true,Icelandic
20,680,(937) 2829391,Claude,Keeffe,1,24/12/2023,false,Marathi
73,681,(748) 4746784,Sigmund,Ashworth,1,25/07/2023,true,Polish
97,682,(713) 5905251,Gabbie,Nutkin,1,16/09/2023,false,Yiddish
50,683,(367) 2373356,Iorgo,de Clercq,0,06/09/2023,true,Chinese
40,684,(109) 2443681,Sharai,Chaston,0,04/05/2024,true,Pashto
42,685,(865) 5550099,Cammi,Stanes,1,14/10/2023,true,Bislama
29,686,(750) 7067839,Rikki,Divall,0,28/09/2023,true,Azeri
96,687,(926) 3996961,Tildie,Mc Meekin,1,01/03/2024,false,Finnish
8,688,(920) 8562611,Durante,Jaram,1,28/11/2023,false,Hindi
7,689,(189) 8061118,Jamie,Dunckley,1,06/10/2023,false,Indonesian
14,690,(526) 9387045,Minnie,Lickess,0,10/08/2023,true,Luxembourgish
26,691,(632) 5991678,Carrissa,MacPaike,1,14/05/2023,true,Bislama
19,692,(683) 1534864,Nonnah,Tolliday,0,23/07/2023,false,Hindi
32,693,(468) 3600534,Cletis,Baudts,0,27/10/2023,true,Catalan
14,694,(337) 2172379,Hill,Guiraud,0,05/12/2023,true,Belarusian
91,695,(629) 5543012,Madella,Lindsley,0,31/08/2023,true,Filipino
58,696,(904) 8098160,Rollie,Humbey,1,08/04/2024,true,Lao
29,697,(299) 9507397,Gracia,Elsley,0,25/12/2023,false,Burmese
13,698,(146) 9415192,Alexandros,Brellin,1,30/08/2023,true,Portuguese
56,699,(892) 7520730,Agna,Tatteshall,0,05/04/2024,true,Albanian
94,700,(861) 2645945,Abramo,Deas,0,28/10/2023,false,Ndebele
98,701,(180) 2990797,Trueman,Prendiville,0,14/07/2023,false,Tetum
2,702,(195) 5174171,Teresa,Prium,1,04/04/2024,false,Czech
89,703,(469) 1595726,Berton,Sirette,0,08/11/2023,false,Portuguese
89,704,(326) 9701390,Feodor,Worlidge,0,05/11/2023,true,Assamese
51,705,(121) 2969243,Chandal,Djurisic,1,23/01/2024,false,Luxembourgish
63,706,(924) 3862208,Nicolas,Ferrari,0,14/07/2023,true,Bengali
49,707,(105) 3904442,Stacee,Raymond,0,09/11/2023,false,Maltese
6,708,(332) 5395884,Allison,Garrattley,0,22/05/2023,true,Dutch
30,709,(795) 2769409,Felecia,Mouatt,1,30/06/2023,true,Hungarian
47,710,(708) 9958671,Matty,Gaze,1,29/01/2024,true,Tetum
96,711,(933) 7555572,Aile,Sybbe,1,03/10/2023,false,West Frisian
13,712,(816) 3764840,Becka,Websdale,1,22/06/2023,true,Irish Gaelic
5,713,(566) 5837012,Fleurette,Proffer,0,26/11/2023,false,Northern Sotho
15,714,(879) 6919344,Flinn,Aries,0,29/10/2023,true,Gagauz
21,715,(997) 9339793,Gillan,Ramelet,0,09/06/2023,true,Papiamento
93,716,(910) 1864899,Abbie,Bebbell,1,25/07/2023,true,Papiamento
41,717,(198) 5580332,Ardyce,Brittain,1,27/05/2023,false,Hindi
22,718,(352) 7890993,Cleo,Tebbutt,0,05/07/2023,true,Icelandic
38,719,(910) 6533773,Becka,Filchakov,0,01/07/2023,false,Dutch
67,720,(836) 1021103,Ronald,Grimditch,0,20/04/2024,true,Lao
14,721,(159) 9115192,Jackelyn,Storres,1,25/01/2024,false,Croatian
81,722,(105) 1605023,Heinrik,Lazar,1,03/11/2023,false,Persian
80,723,(136) 9842880,Natassia,Bonds,1,12/09/2023,false,Moldovan
76,724,(716) 5186980,Lacey,Hackleton,1,14/12/2023,true,Gagauz
30,725,(592) 1760480,Rosalyn,Petigrew,1,01/11/2023,true,Japanese
25,726,(268) 6446069,Chaim,Yakovl,1,03/12/2023,false,Burmese
68,727,(537) 7596849,Raphaela,Sidey,1,08/06/2023,false,Kurdish
16,728,(762) 3943183,Georgeta,Wakenshaw,1,13/07/2023,false,Latvian
92,729,(215) 6363259,Gottfried,Tappor,0,28/05/2023,false,Dari
17,730,(858) 7614456,Lanae,Pavic,0,18/10/2023,true,Arabic
66,731,(508) 1779175,Pauly,Duffree,0,08/10/2023,true,Finnish
15,732,(721) 8889331,Willie,Vigars,0,31/12/2023,true,Irish Gaelic
65,733,(917) 8816327,Coop,Mattecot,1,23/04/2024,false,German
70,734,(468) 2935828,Ella,Wigin,1,05/10/2023,false,Lithuanian
91,735,(303) 6744710,Alexa,Arlow,0,27/04/2024,true,Macedonian
82,736,(498) 7331103,Lissy,Waple,0,27/01/2024,true,Arabic
87,737,(832) 6687857,Dilan,Shearston,0,29/08/2023,true,Swati
38,738,(629) 5774123,Aggi,Castagnone,1,15/10/2023,false,Bosnian
25,739,(887) 5792813,Sam,Addams,1,10/07/2023,true,Chinese
69,740,(939) 1888046,Corny,Cubitt,0,04/10/2023,false,Albanian
87,741,(513) 2912022,Christen,Weal,0,04/03/2024,false,Lao
67,742,(644) 1071564,Irwin,Fielder,1,09/03/2024,true,Malay
48,743,(746) 5456316,Doroteya,Greystock,0,09/11/2023,false,Northern Sotho
99,744,(856) 4624234,Emmerich,Heibel,0,30/10/2023,false,Burmese
74,745,(475) 9685337,Kiel,Sworne,0,14/11/2023,true,Croatian
55,746,(589) 8173797,Wilhelmine,Turford,1,06/09/2023,true,Tok Pisin
78,747,(649) 8072042,Taber,Bielfeldt,0,16/09/2023,false,Northern Sotho
65,748,(341) 8463224,Dominique,Niess,1,23/08/2023,true,Dhivehi
41,749,(444) 6903802,Everard,Abels,0,13/01/2024,true,Chinese
91,750,(471) 8667597,Yankee,Selwyne,1,20/07/2023,true,Italian
35,751,(779) 2756945,Jenda,Titterrell,1,05/07/2023,false,Mongolian
26,752,(696) 1176984,Carey,Ianitti,1,23/07/2023,true,Oriya
15,753,(995) 5398353,Grantley,Philson,1,15/01/2024,false,Kashmiri
1,754,(908) 1490000,Geneva,Foran,0,30/11/2023,true,Dari
30,755,(772) 9652556,Brynne,Stubbe,1,11/09/2023,true,Georgian
12,756,(291) 1480081,Thorn,Klaves,0,15/11/2023,true,Armenian
30,757,(717) 7214728,Lee,Creeboe,0,16/12/2023,true,Chinese
54,758,(739) 1556837,Jeannine,Goldbourn,1,07/11/2023,true,Kyrgyz
63,759,(547) 2581079,Rouvin,Torrie,0,24/04/2024,true,Swahili
95,760,(914) 2057322,Francesca,Ackland,0,29/05/2023,false,Thai
55,761,(264) 1118223,Jolyn,Bewly,1,13/11/2023,true,Greek
72,762,(397) 5976732,Cate,Galbraeth,1,01/06/2023,false,Maltese
17,763,(280) 6585884,Marrissa,Steers,0,24/06/2023,false,Amharic
80,764,(418) 7073333,Audrey,Janauschek,0,21/03/2024,false,Polish
25,765,(828) 8950534,Patrice,Ivatts,0,05/05/2024,true,Dari
21,766,(957) 9237606,Debra,Frostdick,0,17/07/2023,true,Kazakh
26,767,(606) 6113472,Xylia,Allflatt,0,16/11/2023,false,Swati
15,768,(125) 4543498,Nat,Mallaby,0,12/07/2023,true,Hebrew
46,769,(575) 4222280,Opalina,Arnholtz,1,21/03/2024,true,Thai
24,770,(301) 6777767,Jedediah,Winterburn,0,14/09/2023,false,Belarusian
55,771,(470) 2063078,Hazlett,Gladdor,0,26/05/2023,true,Mongolian
32,772,(210) 1082623,Wildon,Moores,1,24/02/2024,false,Portuguese
23,773,(202) 6171130,Penny,Sibbert,0,08/06/2023,true,Macedonian
80,774,(942) 4703286,Tiphany,Azemar,1,16/09/2023,false,Dhivehi
19,775,(775) 6510437,Biddie,Breyt,1,21/11/2023,true,Punjabi
65,776,(935) 2198618,Elbertina,Lavarack,1,23/06/2023,false,Tswana
16,777,(198) 8430213,Jacky,Seedull,0,16/06/2023,true,Macedonian
11,778,(676) 9975073,Karyn,Gage,1,30/08/2023,false,Swati
86,779,(141) 8050494,Bartlet,Gohier,0,12/12/2023,true,West Frisian
98,780,(112) 3918684,Dav,Kneath,1,07/10/2023,false,Estonian
54,781,(210) 6119840,Saxe,Zoren,0,17/06/2023,false,Tamil
94,782,(737) 9680264,Vittorio,Mityakov,1,02/12/2023,true,German
17,783,(440) 6075309,Elisha,Cluley,0,13/12/2023,false,Albanian
79,784,(729) 5152721,Cecily,Kernan,1,18/05/2023,true,Icelandic
16,785,(889) 2585700,Ailsun,Lundberg,1,30/10/2023,false,Afrikaans
28,786,(187) 1193823,Hussein,Lynskey,1,11/02/2024,false,German
91,787,(876) 1614654,Chane,Tatham,0,12/12/2023,false,Moldovan
41,788,(128) 3535330,Joycelin,Humpherson,1,13/03/2024,true,Somali
20,789,(528) 6795818,Alikee,Renols,1,22/07/2023,true,Finnish
76,790,(754) 4330319,Natale,McCrea,1,10/04/2024,true,Mongolian
80,791,(176) 7141357,Carmine,Haselhurst,0,14/03/2024,false,Khmer
98,792,(429) 5489581,Donielle,Brownett,1,10/06/2023,true,Dari
80,793,(205) 2526045,Zorah,Lettley,0,06/08/2023,true,Romanian
23,794,(665) 8278128,Ula,Roja,1,11/12/2023,true,Swahili
98,795,(612) 9962412,Mallorie,Humberstone,0,22/01/2024,false,Hungarian
38,796,(930) 7319929,Rosaline,Wudeland,1,02/03/2024,true,Danish
39,797,(129) 1984328,Franky,Sheppard,1,10/07/2023,false,Bulgarian
95,798,(895) 3575569,Tamqrah,Andreotti,0,06/06/2023,false,Finnish
26,799,(547) 5100746,Sarette,Lau,1,11/11/2023,false,Kurdish
47,800,(950) 1424728,Urbano,Franzewitch,0,23/06/2023,true,Luxembourgish
98,801,(643) 5445055,Pearce,Braiden,0,12/04/2024,true,Greek
18,802,(569) 1463018,Ivor,Thormann,0,14/08/2023,true,Belarusian
1,803,(118) 1787031,Rayna,Simcox,1,12/03/2024,true,Punjabi
1,804,(895) 7319261,Angelia,Fettes,1,19/10/2023,true,Icelandic
41,805,(114) 7280832,Ronny,Bredbury,0,23/11/2023,false,Hebrew
70,806,(364) 8415822,Ethelbert,Mathewes,1,01/09/2023,true,Montenegrin
60,807,(262) 9645854,Velvet,Corrington,1,29/05/2023,false,Greek
29,808,(112) 1981661,Skylar,Kinney,0,31/07/2023,true,Lithuanian
16,809,(114) 9182667,Marcella,Ebbs,1,04/07/2023,false,Bengali
74,810,(930) 2899653,Elspeth,Krollmann,1,14/07/2023,true,Polish
97,811,(682) 6414035,Kendall,McAvinchey,1,18/11/2023,false,Kazakh
21,812,(948) 1364203,Luisa,Gates,1,20/01/2024,true,Norwegian
5,813,(795) 5253601,Allyn,Renzo,1,03/11/2023,true,Hiri Motu
78,814,(527) 5917393,Scarlett,Wrennall,0,23/05/2023,true,Quechua
7,815,(937) 2062076,Giulietta,Kain,0,09/07/2023,true,Icelandic
64,816,(645) 1410417,Illa,Gallihaulk,0,28/08/2023,true,Assamese
16,817,(845) 1045159,Kassi,Reddyhoff,0,18/02/2024,false,Dhivehi
85,818,(773) 9400248,Gus,Pitrollo,0,28/12/2023,true,Tetum
23,819,(753) 3241227,Milli,Meiklem,0,05/02/2024,true,Punjabi
53,820,(826) 2679441,Wolfy,Thurlow,1,25/06/2023,true,Yiddish
46,821,(833) 9523238,Padgett,Schuricht,1,10/03/2024,true,Norwegian
59,822,(808) 3465907,Lissy,Durtnall,1,14/05/2023,false,Māori
82,823,(473) 4856649,Hermann,Syms,0,16/02/2024,true,Polish
62,824,(603) 4954587,Davon,Strangward,1,03/10/2023,false,Tswana
97,825,(274) 8980256,Ruddy,Gorgler,0,08/01/2024,false,English
18,826,(916) 1842732,Cinda,Kuhl,0,11/11/2023,false,Portuguese
88,827,(742) 8115707,Noel,Flatman,0,13/04/2024,true,Romanian
35,828,(900) 2517533,Frederique,Munns,1,07/05/2024,true,Bislama
15,829,(806) 2803601,Frannie,Callf,0,06/06/2023,true,Māori
71,830,(397) 3306204,Erena,Espinal,0,12/12/2023,true,Swedish
70,831,(450) 8086714,Brynn,Easby,1,28/06/2023,true,Arabic
44,832,(500) 2865495,Marylou,Fitchet,1,11/05/2023,true,Thai
96,833,(261) 2860900,Cece,Foxall,1,02/01/2024,false,Albanian
49,834,(266) 2870621,Carl,Kettell,0,12/09/2023,false,Malay
69,835,(512) 1180308,Aubrette,Titheridge,0,18/10/2023,false,Hiri Motu
78,836,(457) 9813328,Loleta,Ida,0,15/11/2023,false,Tetum
25,837,(694) 3869858,Cello,Shovelton,1,30/08/2023,false,Belarusian
91,838,(472) 5887579,Lexi,Denkel,0,11/11/2023,false,Tetum
98,839,(520) 6143884,Amalee,Yankishin,1,14/04/2024,false,Polish
39,840,(594) 1365786,Leeland,Kydd,0,07/11/2023,true,English
7,841,(388) 9905110,Dennie,Cumes,0,11/10/2023,true,Icelandic
13,842,(155) 9630415,Ashton,Steet,1,04/09/2023,false,Lithuanian
8,843,(869) 7192406,Eddy,Faccini,1,30/11/2023,true,Tswana
67,844,(590) 6569574,Davin,Huguet,1,23/01/2024,true,Dzongkha
53,845,(651) 9575540,Derron,MacFaell,0,27/07/2023,false,Lithuanian
18,846,(923) 2481103,Kirstyn,Murfill,1,06/03/2024,false,Hindi
25,847,(813) 5392137,Shae,Durno,1,08/06/2023,true,Guaraní
28,848,(392) 6289699,Sanford,Kuhnel,1,09/05/2024,false,Khmer
76,849,(433) 9765576,Franni,Beyer,0,02/03/2024,false,Belarusian
34,850,(984) 2154002,Heinrick,Ovens,1,22/04/2024,true,Azeri
34,851,(830) 7032127,Gerianne,Richten,0,06/04/2024,true,Māori
52,852,(901) 2121325,Fowler,Haggerston,0,06/02/2024,true,Latvian
50,853,(517) 3916586,Rafa,Thirlaway,1,23/06/2023,false,Swedish
87,854,(771) 7250677,Corrina,Lorence,0,14/12/2023,true,Swati
48,855,(488) 5368214,Dicky,Kensall,1,13/01/2024,true,Quechua
34,856,(570) 8833390,Pamella,Robertsson,0,19/05/2023,true,West Frisian
6,857,(341) 8765413,Jeff,Franceschelli,1,16/06/2023,false,Zulu
25,858,(592) 8535308,Annalee,Blaksland,0,12/04/2024,true,Pashto
64,859,(863) 9930035,Margery,Casswell,1,24/01/2024,false,Swahili
31,860,(435) 6303745,Nicki,Chaise,1,10/07/2023,false,Amharic
68,861,(497) 3101409,Angelica,Catlette,1,07/01/2024,true,Khmer
33,862,(471) 2302375,Kassandra,Kincade,0,24/07/2023,false,Montenegrin
91,863,(813) 5440627,Lavinie,Collen,1,15/07/2023,false,Amharic
41,864,(764) 5796127,Susie,Inott,1,02/02/2024,true,Estonian
12,865,(764) 8104144,Ruthann,Shillaker,0,19/08/2023,true,Kazakh
23,866,(201) 2907820,Hymie,Sykes,0,26/09/2023,false,Italian
53,867,(233) 4045222,Obed,Peplow,0,13/11/2023,false,Kannada
72,868,(913) 8679579,Chadwick,Mathiasen,0,30/04/2024,true,Amharic
36,869,(911) 5306683,Renault,Askew,1,15/05/2023,true,Lithuanian
27,870,(442) 1066604,Nanon,Govern,0,14/01/2024,false,Maltese
93,871,(596) 6093198,Lucie,Coudray,1,02/04/2024,true,Croatian
32,872,(260) 9661870,Kitty,Navaro,1,18/02/2024,true,Tsonga
85,873,(616) 5659726,Isidro,Churcher,1,20/08/2023,true,Sotho
78,874,(546) 5032640,Antonietta,Foker,1,12/09/2023,true,Montenegrin
14,875,(953) 7262337,Editha,Jimenez,0,04/04/2024,true,Azeri
25,876,(396) 1141761,Arlene,Willoway,1,13/06/2023,true,Hindi
10,877,(313) 9440321,Anna-diana,Ranstead,1,19/08/2023,true,Hindi
45,878,(464) 5673772,Cullan,Mylchreest,0,09/09/2023,false,Albanian
75,879,(508) 1278530,Trula,Szapiro,0,26/11/2023,true,Lao
53,880,(389) 2049657,Julio,Haryngton,1,25/06/2023,false,Haitian Creole
96,881,(615) 2046279,Barrett,Bossel,0,25/07/2023,true,English
21,882,(594) 8418354,Ula,Alekhov,1,27/03/2024,false,Hungarian
88,883,(144) 2036715,Hobie,Kordas,0,13/12/2023,true,Danish
77,884,(273) 1325405,Hebert,Somerset,0,09/06/2023,false,Latvian
84,885,(892) 1798637,Gilles,Begbie,1,10/12/2023,true,Danish
42,886,(658) 1892178,Mort,MacMeeking,1,29/07/2023,true,Yiddish
99,887,(693) 7313222,Cash,Abramin,1,30/09/2023,false,Quechua
69,888,(862) 8907479,Brig,Berthot,0,10/09/2023,false,Sotho
41,889,(375) 7190830,Burt,Levee,0,27/06/2023,true,Aymara
65,890,(962) 3981865,Elroy,Crawley,1,18/04/2024,false,Tetum
19,891,(525) 3559408,Nana,Millington,1,05/02/2024,true,Zulu
98,892,(110) 7803934,Jilleen,Cherry,0,13/08/2023,false,New Zealand Sign Language
78,893,(180) 8573940,Enid,Lowin,0,30/03/2024,false,Malay
62,894,(582) 6130080,Pier,Edgerton,1,06/05/2024,true,Gagauz
31,895,(430) 9976736,Carole,MacDirmid,0,21/04/2024,true,Aymara
38,896,(873) 5152159,Sonny,Kuna,1,11/03/2024,false,Tswana
46,897,(683) 6454831,Sophi,Cockings,1,26/11/2023,true,Afrikaans
28,898,(404) 6278055,Kate,Howard - Gater,1,20/02/2024,true,Hiri Motu
12,899,(417) 3831822,Way,Mew,1,07/06/2023,true,Armenian
43,900,(617) 3201622,Barclay,Caygill,0,17/09/2023,true,Hebrew
2,901,(991) 3644977,Tim,Ciottoi,1,30/11/2023,false,English
65,902,(244) 9405358,Tine,Saltern,0,08/09/2023,false,Lao
54,903,(649) 5433938,Silvia,Slisby,0,30/01/2024,false,Dhivehi
51,904,(534) 2566089,Barnebas,Maylin,0,20/10/2023,false,Yiddish
68,905,(587) 3002059,Addison,Liveing,0,13/07/2023,true,Malagasy
100,906,(936) 2428494,Paulo,Gonnin,1,24/04/2024,false,Norwegian
54,907,(883) 2565816,Leopold,Hayesman,1,10/12/2023,true,Khmer
28,908,(931) 5276735,Miller,McNab,0,05/02/2024,false,Dari
80,909,(255) 2087321,Linda,McMurraya,0,20/07/2023,true,Thai
68,910,(727) 6987364,Janeen,Watting,1,21/11/2023,false,Telugu
62,911,(257) 5345390,Harrietta,Carmichael,1,26/07/2023,false,Somali
44,912,(585) 6268428,Bevon,Whiteford,0,15/05/2023,false,Haitian Creole
98,913,(165) 6513589,Gary,Hynam,1,25/08/2023,true,Lao
69,914,(432) 8317169,Salomi,Drogan,1,29/12/2023,true,Somali
70,915,(448) 5406852,Allayne,Syversen,0,21/06/2023,true,Italian
4,916,(676) 3079990,Alisha,Mee,0,11/12/2023,true,Polish
15,917,(602) 6938683,Legra,Cleveland,0,15/08/2023,false,Malagasy
39,918,(722) 8761287,Neall,Stobie,1,18/05/2023,true,Persian
9,919,(905) 3731649,Brandy,Ascraft,0,23/12/2023,false,Catalan
1,920,(336) 1634368,Minta,Roscamps,1,01/03/2024,true,Japanese
65,921,(799) 1306303,Caralie,Caret,0,03/10/2023,false,Estonian
98,922,(460) 7519936,Adena,Mockler,0,11/12/2023,false,Icelandic
93,923,(788) 8392852,Dulcia,McAllan,1,07/12/2023,true,Mongolian
78,924,(615) 6371152,Johannah,Godthaab,1,30/03/2024,false,Bosnian
34,925,(255) 3783398,Brad,Dallander,0,21/03/2024,false,Gujarati
13,926,(709) 4012638,Marybelle,Hurworth,0,05/03/2024,true,Catalan
82,927,(160) 6637720,Lydia,Klausen,0,22/01/2024,true,Amharic
62,928,(317) 7493672,Kamilah,Benedidick,0,10/09/2023,true,Macedonian
42,929,(312) 8334102,Mandel,Alejandro,0,26/12/2023,false,Ndebele
81,930,(839) 5393035,Stacey,Rankling,1,27/07/2023,false,Amharic
79,931,(590) 5256297,Caroljean,Pauley,1,15/09/2023,true,Dutch
73,932,(390) 5814095,Berenice,Yancey,1,13/01/2024,false,Gagauz
86,933,(615) 1539556,Diena,Pasley,1,08/08/2023,true,Moldovan
99,934,(719) 5560403,Beth,McBay,1,14/10/2023,false,Burmese
16,935,(700) 6375323,Ania,Brattan,1,21/11/2023,true,Georgian
96,936,(927) 5850610,Ingmar,Torritti,1,30/01/2024,true,Portuguese
49,937,(664) 7356357,Emmaline,Ossipenko,1,11/04/2024,true,Oriya
64,938,(280) 3343315,Austina,Rann,0,22/11/2023,false,Malagasy
87,939,(484) 2999012,Carolus,Stapforth,1,17/08/2023,true,Tsonga
38,940,(631) 5782137,Lorette,Brogden,0,14/06/2023,false,Czech
5,941,(751) 2817315,Thelma,Gillis,1,26/01/2024,true,Thai
2,942,(749) 2408321,Felisha,Zamora,0,22/10/2023,false,Tsonga
55,943,(455) 5681459,Debora,Durrance,0,26/08/2023,false,Kurdish
53,944,(514) 6656626,Clare,Horick,0,17/07/2023,false,Marathi
43,945,(731) 8979139,Dare,Robbins,0,28/04/2024,false,Yiddish
38,946,(468) 7917420,Kit,Van Der Weedenburg,0,13/10/2023,false,Zulu
44,947,(441) 7662791,Edy,Beadman,0,09/04/2024,true,Albanian
39,948,(972) 6954275,Mariam,Carme,1,16/03/2024,true,Bulgarian
43,949,(976) 3789581,Tremayne,Graal,1,10/09/2023,true,Albanian
53,950,(596) 6591089,Wang,Rosedale,1,24/06/2023,true,Marathi
86,951,(331) 7657732,Otis,Mughal,1,02/01/2024,false,Lao
86,952,(273) 2959712,Law,Maudsley,0,24/09/2023,false,Romanian
33,953,(142) 3555696,Ernaline,Eagar,0,07/01/2024,true,Papiamento
94,954,(702) 7129148,Bria,Postlewhite,1,25/11/2023,false,Filipino
14,955,(725) 3182277,Paddie,Brierley,0,11/09/2023,true,Māori
83,956,(328) 7316935,Loraine,Goligher,0,06/07/2023,true,Filipino
99,957,(701) 8775506,Imogene,Hallstone,0,04/11/2023,true,Albanian
78,958,(255) 6619986,Adey,Matteucci,1,20/09/2023,false,Finnish
32,959,(256) 7491109,Neale,Klempke,1,06/12/2023,false,Azeri
63,960,(968) 6986612,Juliane,Kubes,1,25/12/2023,false,Kazakh
14,961,(697) 4856640,Clementine,Sheather,1,04/11/2023,true,Kashmiri
39,962,(233) 1007749,Floyd,Axton,0,03/07/2023,false,Dari
79,963,(357) 2557774,Garth,McLaughlin,1,24/06/2023,true,Swati
4,964,(318) 5485668,Audra,Gosse,0,09/11/2023,true,Bislama
77,965,(920) 2535282,Dov,Bowlesworth,0,21/12/2023,true,Bengali
93,966,(250) 2391553,Essy,Cantillon,1,29/09/2023,false,Japanese
63,967,(428) 6671839,Erena,Gertz,0,31/10/2023,true,Kashmiri
98,968,(363) 5165961,Micah,Gouldie,0,10/01/2024,true,Thai
31,969,(198) 6290469,Valaree,Terese,0,13/08/2023,false,Thai
91,970,(962) 9895881,Zach,Gehring,1,18/09/2023,true,Tok Pisin
48,971,(701) 4519947,Kurtis,Durrell,1,01/11/2023,false,Norwegian
38,972,(744) 3732466,Stephana,Schoular,1,04/02/2024,false,Tetum
8,973,(299) 4891180,Alecia,Waren,0,01/03/2024,true,Dzongkha
2,974,(657) 2606189,Lonnie,Sloat,0,24/08/2023,false,Kannada
36,975,(827) 6247698,Aime,Vahl,0,21/03/2024,false,Hebrew
38,976,(286) 4574264,Milo,Strutley,0,26/12/2023,true,Northern Sotho
41,977,(786) 6134302,Colas,Garrud,0,15/07/2023,false,Dutch
56,978,(137) 2848925,Teodorico,Songest,1,07/03/2024,false,Dari
82,979,(571) 4450613,Ferdinand,Eate,1,13/12/2023,true,Spanish
12,980,(656) 2611450,Foster,Frostdicke,1,24/04/2024,false,Amharic
57,981,(918) 6759600,Elfreda,Faltskog,1,05/05/2024,true,Luxembourgish
16,982,(636) 5001411,Burg,Cade,1,24/04/2024,true,Gagauz
26,983,(787) 5664512,Danila,Bennie,1,29/07/2023,false,Swedish
32,984,(596) 8470230,Gwenora,Penhaligon,0,04/12/2023,true,Danish
52,985,(172) 8420397,Christabel,Sterke,0,19/04/2024,false,Dutch
72,986,(186) 8948663,Rachel,Megahey,1,13/07/2023,true,Indonesian
63,987,(489) 1809709,Joel,Dillinton,0,29/12/2023,true,Norwegian
48,988,(128) 9692296,Ben,Paszek,1,05/05/2024,true,Hiri Motu
89,989,(685) 8637153,Duky,Axup,0,09/05/2024,true,Ndebele
98,990,(115) 1620269,Ruth,Colly,0,08/06/2023,false,Moldovan
68,991,(567) 7889231,Lelia,Snelgar,1,13/09/2023,true,Danish
10,992,(325) 1860435,Raquel,Warde,0,14/11/2023,false,Fijian
54,993,(899) 4657801,Augustus,Lochrie,0,04/06/2023,true,Tetum
93,994,(673) 3609999,Laura,Boddymead,1,25/07/2023,false,Estonian
26,995,(335) 9967848,Lou,Mc Meekan,1,13/10/2023,false,Yiddish
45,996,(607) 3868527,Florrie,Haylor,1,15/02/2024,true,Georgian
87,997,(360) 1567014,Aubrey,Gripton,1,15/01/2024,true,Swahili
100,998,(512) 5781778,Way,McHardy,1,17/02/2024,true,English
57,999,(695) 6159658,Hedy,Grew,0,22/04/2024,false,Norwegian
24,1000,(525) 7342338,Belle,Crosskell,1,24/05/2023,true,Afrikaans
